{
	"pages": [ //pages数组中第一项表示应用启动页，参考：https://uniapp.dcloud.io/collocation/pages
		{
			"path": "pages/index/index",
			"style": {
				"navigationBarTitleText": ""
			}
		},
		{
			"path": "pages/mine/mine",
			"style": {
				"navigationBarTitleText": ""
			}
		},
		{
			"path": "pages/second/second",
			"style": {
				"navigationBarTitleText": ""
			}
		},
		{
			"path": "pages/three/three",
			"style": {
				"navigationBarTitleText": ""
			}
		}
	],
	"globalStyle": {
		"navigationBarTextStyle": "black",
		"navigationBarTitleText": "项目标题",
		"navigationBarBackgroundColor": "#F8F8F8",
		"backgroundColor": "#F8F8F8",
		"dynamicRpx": true,
		"enablePullDownRefresh": false,
		"navigationStyle": "custom",
		"onReachBottomDistance": 100,
		"app-plus": {
			"bounce": "none",
			"pullToRefresh": {
				"color": "#e14e28" //下拉刷新的颜色
			}
		}
	},
	"uniIdRouter": {},
	"tabBar": {
		"backgroundColor": "#1d1c4e",
		"borderStyle": "white",
		"list": [{
				"pagePath": "pages/index/index"
			},
			{
				"pagePath": "pages/second/second"
			},
			{
				"pagePath": "pages/three/three"
			},
			{
				"pagePath": "pages/mine/mine"
			}
		]
	}

}